{
    "svc_ar_az": 0.9444809221565623,
    "svc_ar_az_ca_cs_da_de_es_eu_ia_ko_lv_nl_pt_sv": 0.48769358407079644,
    "svc_ar_az_ca_cs_fi_ia_lb_pt_zh": 0.6614998860268977,
    "svc_ar_az_ca_da_de_fi_fr_ia_ja_lb_lt_lv_no_zh": 0.518183075221239,
    "svc_ar_ca": 0.9595826949733712,
    "svc_ar_ca_cs_da_en_fa_ja_ko_lv_nl_no_pt_sv": 0.45446774561203557,
    "svc_ar_ca_cs_de_en_eu_fi_fr_ia_it_ja_lt_nl_pt_zh": 0.39064280829724185,
    "svc_ar_ca_en_fa_ia_ko_lt_lv_pt_sv": 0.5653635741964896,
    "svc_ar_cs": 0.9371124243087473,
    "svc_ar_da": 0.95301670679215,
    "svc_ar_da_en_es_eu_fa_fi_fr_ia_ja_ko_lv_no_sv_uk": 0.41447732300884954,
    "svc_ar_de": 0.9322973663091851,
    "svc_ar_en": 0.8814474356168381,
    "svc_ar_es": 0.9487123367622383,
    "svc_ar_eu": 0.9171226380681403,
    "svc_ar_fa": 0.9249288684613701,
    "svc_ar_fi": 0.940395418399358,
    "svc_ar_fr": 0.9652002626395273,
    "svc_ar_ia": 0.9406142846720653,
    "svc_ar_it": 0.9364558254906252,
    "svc_ar_ja": 0.9462318523382214,
    "svc_ar_ko": 0.9657109506091778,
    "svc_ar_lb": 0.9341942073393157,
    "svc_ar_lt": 0.9515575983074341,
    "svc_ar_lv": 0.9472532282775225,
    "svc_ar_nl": 0.9427299919749034,
    "svc_ar_no": 0.9486393813380025,
    "svc_ar_pt": 0.9450645655504487,
    "svc_ar_sv": 0.920040855037572,
    "svc_ar_uk": 0.9436784124899686,
    "svc_ar_zh": 0.91938425621945,
    "svc_de_en_es_fi_fr": 0.7853316617278322,
    "svc_de_en_es_fi_fr_it_nl": 0.7203100068383861,
    "svc_de_en_es_fi_fr_pt": 0.7620811488488717,
    "svc_de_en_es_fi_it_nl_pt": 0.7032710280373832,
    "svc_de_en_es_fr": 0.8177570093457944,
    "svc_de_en_fi_fr_it_nl_pt": 0.7117050376111238,
    "svc_de_en_fi_fr_it_pt": 0.7405402325051288,
    "svc_de_en_fi_fr_nl_pt": 0.7447002507408251,
    "svc_de_en_fi_nl": 0.7915431958057898,
    "svc_de_en_fr_it_pt": 0.7750170959653522,
    "svc_de_en_it_nl_pt": 0.7598016868019147,
    "svc_de_es_fi": 0.8836904490540233,
    "svc_de_es_fi_fr_it_nl_pt": 0.7800888990198314,
    "svc_de_es_fi_nl": 0.8566218372464098,
    "svc_de_es_fr_it_pt": 0.837246409847276,
    "svc_de_es_pt": 0.8848871666286756,
    "svc_de_fi_fr": 0.8954296785958514,
    "svc_de_fi_fr_it": 0.8615226806473673,
    "svc_de_fi_fr_nl_pt": 0.832915431958058,
    "svc_de_fi_pt": 0.8794734442671529,
    "svc_de_fr_it": 0.8883633462502849,
    "svc_de_it": 0.9012423068155915,
    "svc_de_it_pt": 0.875712331889674,
    "svc_en_es_eu_fa_fi_ia_it_ja_lb_lv_nl_no_pt_sv_uk_zh": 0.2989514474583998,
    "svc_en_es_fi_fr_it_nl": 0.770743104627308,
    "svc_en_es_fi_fr_it_pt_uk_zh": 0.6835244136646685,
    "svc_en_es_fi_fr_nl_pt": 0.7881240027353544,
    "svc_en_es_fi_it": 0.8226578527467517,
    "svc_en_es_fi_it_pt": 0.7966719854114429,
    "svc_en_es_fr_it_nl_pt": 0.7797469797127878,
    "svc_en_es_it_nl": 0.8191246865739685,
    "svc_en_fi_fr_it_nl": 0.7998062457260087,
    "svc_en_fi_fr_it_nl_pt": 0.7762138135400045,
    "svc_en_fi_fr_nl": 0.839525871894233,
    "svc_en_fi_nl_pt": 0.8212331889674037,
    "svc_en_fi_pt": 0.8530316845224527,
    "svc_en_fi_uk_zh": 0.795262759704359,
    "svc_en_fr": 0.911729365006008,
    "svc_en_fr_it": 0.8624017765630339,
    "svc_en_fr_it_pt": 0.8245221146924738,
    "svc_en_fr_it_pt_zh": 0.7702380259558866,
    "svc_en_fr_pt": 0.8755988904765908,
    "svc_en_it": 0.8739166134476781,
    "svc_en_it_pt": 0.8350694444444444,
    "svc_en_nl": 0.8857419648962844,
    "svc_en_pt": 0.8854913916786227,
    "svc_en_pt_uk_zh": 0.7925856951638247,
    "svc_es_fi_fr": 0.9272281741509004,
    "svc_es_fi_fr_it": 0.8938340551629815,
    "svc_es_fi_fr_nl_pt": 0.8668794164577159,
    "svc_es_fi_fr_pt": 0.8996466833827217,
    "svc_es_fi_it_nl": 0.8761682242990654,
    "svc_es_fr_it_pt": 0.8940050148165033,
    "svc_es_fr_nl_pt": 0.9019831319808526,
    "svc_es_fr_pt": 0.9342945064964668,
    "svc_es_nl": 0.946717574652382,
    "svc_fi_fr": 0.9529860952815136,
    "svc_fi_fr_it": 0.9133234556644632,
    "svc_fi_fr_it_nl_pt": 0.8547982676088444,
    "svc_fi_it_pt": 0.903806701618418,
    "svc_fi_nl": 0.9363460223387281,
    "svc_fr_it": 0.9294180081372723,
    "svc_fr_it_pt": 0.8980850373255437,
    "svc_fr_pt": 0.9390871803822323,
    "svc_fr_zh": 0.9295233661176745,
    "svc_it_nl_pt": 0.901641212673809,
    "svc_it_pt": 0.9044778699861687,
    "svc_nl_pt": 0.9396512423068156,
    "voter_de_en_es_nl": 0.8027695463870527,
    "voter_de_es_fi_fr": 0.8721221791657169,
    "voter_de_es_fi_nl_pt": 0.8256781399589697,
    "voter_de_fi_fr_it": 0.8561089582858445,
    "voter_en_es_fi_fr_it_nl": 0.7766127193982221,
    "voter_en_es_fi_it_nl_pt": 0.7617962160930021,
    "voter_en_es_pt": 0.8639731023478459,
    "voter_en_fi_fr": 0.8645999544107591,
    "voter_en_it_pt": 0.8452245270116252,
    "voter_es_fi_it_nl": 0.875028493275587,
    "voter_es_fr_nl": 0.9281969455208571,
    "voter_es_it": 0.9368589012992934,
    "voter_fi_fr_it": 0.915716890813768
}