{
    "svc_tfidf_de_en": 0.9214667458432304,
    "svc_tfidf_de_en_es": 0.9067695961995249,
    "svc_tfidf_de_en_es_fi": 0.8675771971496437,
    "svc_tfidf_de_en_es_fi_fr": 0.8600059382422803,
    "svc_tfidf_de_en_es_fi_fr_it": 0.8169536817102138,
    "svc_tfidf_de_en_es_fi_fr_it_nl": 0.7734560570071259,
    "svc_tfidf_de_en_es_fi_fr_it_nl_pt": 0.7593744446419051,
    "svc_tfidf_de_en_es_fi_fr_it_pt": 0.7709323040380047,
    "svc_tfidf_de_en_es_fi_fr_nl": 0.8179928741092637,
    "svc_tfidf_de_en_es_fi_fr_nl_pt": 0.7709323040380047,
    "svc_tfidf_de_en_es_fi_fr_pt": 0.8096793349168646,
    "svc_tfidf_de_en_es_fi_it": 0.8254156769596199,
    "svc_tfidf_de_en_es_fi_it_nl": 0.7980997624703088,
    "svc_tfidf_de_en_es_fi_it_nl_pt": 0.7513361045130641,
    "svc_tfidf_de_en_es_fi_it_pt": 0.7845902612826603,
    "svc_tfidf_de_en_es_fi_nl": 0.831353919239905,
    "svc_tfidf_de_en_es_fi_nl_pt": 0.7914192399049881,
    "svc_tfidf_de_en_es_fi_pt": 0.8279394299287411,
    "svc_tfidf_de_en_es_fr": 0.8917755344418052,
    "svc_tfidf_de_en_es_fr_it": 0.8542161520190024,
    "svc_tfidf_de_en_es_fr_it_nl": 0.8185866983372921,
    "svc_tfidf_de_en_es_fr_it_nl_pt": 0.7731591448931117,
    "svc_tfidf_de_en_es_fr_it_pt": 0.8073040380047506,
    "svc_tfidf_de_en_es_fr_nl": 0.8565914489311164,
    "svc_tfidf_de_en_es_fr_nl_pt": 0.8102731591448931,
    "svc_tfidf_de_en_es_fr_pt": 0.8435273159144893,
    "svc_tfidf_de_en_es_it": 0.869061757719715,
    "svc_tfidf_de_en_es_it_nl": 0.834916864608076,
    "svc_tfidf_de_en_es_it_nl_pt": 0.7927553444180523,
    "svc_tfidf_de_en_es_it_pt": 0.8208135391923991,
    "svc_tfidf_de_en_es_nl": 0.8766330166270784,
    "svc_tfidf_de_en_es_nl_pt": 0.8264548693586699,
    "svc_tfidf_de_en_es_pt": 0.849020190023753,
    "svc_tfidf_de_en_fi": 0.8894002375296912,
    "svc_tfidf_de_en_fi_fr": 0.871585510688836,
    "svc_tfidf_de_en_fi_fr_it": 0.8297209026128266,
    "svc_tfidf_de_en_fi_fr_it_nl": 0.7954275534441805,
    "svc_tfidf_de_en_fi_fr_it_nl_pt": 0.7436163895486936,
    "svc_tfidf_de_en_fi_fr_it_pt": 0.7776128266033254,
    "svc_tfidf_de_en_fi_fr_nl": 0.837143705463183,
    "svc_tfidf_de_en_fi_fr_nl_pt": 0.7819180522565321,
    "svc_tfidf_de_en_fi_fr_pt": 0.8178444180522565,
    "svc_tfidf_de_en_fi_it": 0.8405581947743468,
    "svc_tfidf_de_en_fi_it_nl": 0.8151722090261283,
    "svc_tfidf_de_en_fi_it_nl_pt": 0.7602434679334917,
    "svc_tfidf_de_en_fi_it_pt": 0.8035926365795725,
    "svc_tfidf_de_en_fi_nl": 0.8539192399049881,
    "svc_tfidf_de_en_fi_nl_pt": 0.8067102137767221,
    "svc_tfidf_de_en_fi_pt": 0.8411520190023754,
    "svc_tfidf_de_en_fr": 0.9060273159144893,
    "svc_tfidf_de_en_fr_it": 0.8647565320665083,
    "svc_tfidf_de_en_fr_it_nl": 0.832541567695962,
    "svc_tfidf_de_en_fr_it_nl_pt": 0.775979809976247,
    "svc_tfidf_de_en_fr_it_pt": 0.8227434679334917,
    "svc_tfidf_de_en_fr_nl": 0.8736638954869359,
    "svc_tfidf_de_en_fr_nl_pt": 0.8292755344418052,
    "svc_tfidf_de_en_fr_pt": 0.8540676959619953,
    "svc_tfidf_de_en_it": 0.8803444180522565,
    "svc_tfidf_de_en_it_nl": 0.8467933491686461,
    "svc_tfidf_de_en_it_nl_pt": 0.8012173396674585,
    "svc_tfidf_de_en_it_pt": 0.8326900237529691,
    "svc_tfidf_de_en_nl": 0.8862826603325415,
    "svc_tfidf_de_en_nl_pt": 0.8365498812351544,
    "svc_tfidf_de_en_pt": 0.8760391923990499,
    "svc_tfidf_de_es": 0.9480403800475059,
    "svc_tfidf_de_es_fi": 0.911520190023753,
    "svc_tfidf_de_es_fi_fr": 0.893853919239905,
    "svc_tfidf_de_es_fi_fr_it": 0.8605997624703088,
    "svc_tfidf_de_es_fi_fr_it_nl": 0.8206650831353919,
    "svc_tfidf_de_es_fi_fr_it_nl_pt": 0.7774643705463183,
    "svc_tfidf_de_es_fi_fr_it_pt": 0.8156175771971497,
    "svc_tfidf_de_es_fi_fr_nl": 0.8626781472684085,
    "svc_tfidf_de_es_fi_fr_nl_pt": 0.8127969121140143,
    "svc_tfidf_de_es_fi_fr_pt": 0.8472387173396675,
    "svc_tfidf_de_es_fi_it": 0.8770783847980997,
    "svc_tfidf_de_es_fi_it_nl": 0.8411520190023754,
    "svc_tfidf_de_es_fi_it_nl_pt": 0.7920130641330166,
    "svc_tfidf_de_es_fi_it_pt": 0.8222980997624703,
    "svc_tfidf_de_es_fi_nl": 0.8748515439429929,
    "svc_tfidf_de_es_fi_nl_pt": 0.8335807600950119,
    "svc_tfidf_de_es_fi_pt": 0.8683194774346793,
    "svc_tfidf_de_es_fr": 0.9299287410926366,
    "svc_tfidf_de_es_fr_it": 0.8953384798099763,
    "svc_tfidf_de_es_fr_it_nl": 0.8622327790973872,
    "svc_tfidf_de_es_fr_it_nl_pt": 0.8116092636579573,
    "svc_tfidf_de_es_fr_it_pt": 0.8476840855106889,
    "svc_tfidf_de_es_fr_nl": 0.8980106888361045,
    "svc_tfidf_de_es_fr_nl_pt": 0.849020190023753,
    "svc_tfidf_de_es_fr_pt": 0.8828681710213777,
    "svc_tfidf_de_es_it": 0.9107779097387173,
    "svc_tfidf_de_es_it_nl": 0.873812351543943,
    "svc_tfidf_de_es_it_nl_pt": 0.8270486935866983,
    "svc_tfidf_de_es_it_pt": 0.8605997624703088,
    "svc_tfidf_de_es_nl": 0.9135985748218527,
    "svc_tfidf_de_es_nl_pt": 0.8705463182897862,
    "svc_tfidf_de_es_pt": 0.9015736342042755,
    "svc_tfidf_de_fi": 0.9269596199524941,
    "svc_tfidf_de_fi_fr": 0.9143408551068883,
    "svc_tfidf_de_fi_fr_it": 0.8681710213776722,
    "svc_tfidf_de_fi_fr_it_nl": 0.8359560570071259,
    "svc_tfidf_de_fi_fr_it_nl_pt": 0.7856294536817102,
    "svc_tfidf_de_fi_fr_it_pt": 0.830314726840855,
    "svc_tfidf_de_fi_fr_nl": 0.8825712589073634,
    "svc_tfidf_de_fi_fr_nl_pt": 0.8280878859857482,
    "svc_tfidf_de_fi_fr_pt": 0.8632719714964371,
    "svc_tfidf_de_fi_it": 0.8867280285035629,
    "svc_tfidf_de_fi_it_nl": 0.8454572446555819,
    "svc_tfidf_de_fi_it_nl_pt": 0.8053741092636579,
    "svc_tfidf_de_fi_it_pt": 0.8352137767220903,
    "svc_tfidf_de_fi_nl": 0.892814726840855,
    "svc_tfidf_de_fi_nl_pt": 0.8432304038004751,
    "svc_tfidf_de_fi_pt": 0.8819774346793349,
    "svc_tfidf_de_fr": 0.9438836104513064,
    "svc_tfidf_de_fr_it": 0.9051365795724465,
    "svc_tfidf_de_fr_it_nl": 0.8680225653206651,
    "svc_tfidf_de_fr_it_nl_pt": 0.8274940617577197,
    "svc_tfidf_de_fr_it_pt": 0.8582244655581948,
    "svc_tfidf_de_fr_nl": 0.9168646080760094,
    "svc_tfidf_de_fr_nl_pt": 0.8626781472684085,
    "svc_tfidf_de_fr_pt": 0.9005344418052257,
    "svc_tfidf_de_it": 0.9293349168646081,
    "svc_tfidf_de_it_nl": 0.8827197149643705,
    "svc_tfidf_de_it_nl_pt": 0.8469418052256532,
    "svc_tfidf_de_it_pt": 0.8755938242280285,
    "svc_tfidf_de_nl": 0.9256235154394299,
    "svc_tfidf_de_nl_pt": 0.8800475059382423,
    "svc_tfidf_de_pt": 0.9149346793349169,
    "svc_tfidf_en_es": 0.9395783847980997,
    "svc_tfidf_en_es_fi": 0.9033551068883611,
    "svc_tfidf_en_es_fi_fr": 0.8977137767220903,
    "svc_tfidf_en_es_fi_fr_it": 0.8518408551068883,
    "svc_tfidf_en_es_fi_fr_it_nl": 0.831353919239905,
    "svc_tfidf_en_es_fi_fr_it_nl_pt": 0.775979809976247,
    "svc_tfidf_en_es_fi_fr_it_pt": 0.8070071258907363,
    "svc_tfidf_en_es_fi_fr_nl": 0.8558491686460807,
    "svc_tfidf_en_es_fi_fr_nl_pt": 0.8127969121140143,
    "svc_tfidf_en_es_fi_fr_pt": 0.8435273159144893,
    "svc_tfidf_en_es_fi_it": 0.8672802850356295,
    "svc_tfidf_en_es_fi_it_nl": 0.8413004750593824,
    "svc_tfidf_en_es_fi_it_nl_pt": 0.7917161520190024,
    "svc_tfidf_en_es_fi_it_pt": 0.8185866983372921,
    "svc_tfidf_en_es_fi_nl": 0.8836104513064132,
    "svc_tfidf_en_es_fi_nl_pt": 0.8285332541567696,
    "svc_tfidf_en_es_fi_pt": 0.8611935866983373,
    "svc_tfidf_en_es_fr": 0.9253266033254157,
    "svc_tfidf_en_es_fr_it": 0.8885095011876485,
    "svc_tfidf_en_es_fr_it_nl": 0.8591152019002375,
    "svc_tfidf_en_es_fr_it_nl_pt": 0.8029988123515439,
    "svc_tfidf_en_es_fr_it_pt": 0.8407066508313539,
    "svc_tfidf_en_es_fr_nl": 0.8957838479809976,
    "svc_tfidf_en_es_fr_nl_pt": 0.8519893111638955,
    "svc_tfidf_en_es_fr_pt": 0.8821258907363421,
    "svc_tfidf_en_es_it": 0.9011282660332541,
    "svc_tfidf_en_es_it_nl": 0.8763361045130641,
    "svc_tfidf_en_es_it_nl_pt": 0.8225950118764845,
    "svc_tfidf_en_es_it_pt": 0.8579275534441805,
    "svc_tfidf_en_es_nl": 0.9122624703087886,
    "svc_tfidf_en_es_nl_pt": 0.8576306413301663,