{
    "voter_lr_dt_kn_nb_tfidf_de_en": 0.9043993231810491,
    "voter_lr_dt_kn_nb_tfidf_fr_pt": 0.9120135363790186,
    "voter_lr_dt_kn_skipgram2_de_en_es_fr": 0.8525315631914616,
    "voter_lr_dt_kn_skipgram2_de_en_es_pt": 0.8112065599375244,
    "voter_lr_dt_kn_skipgram2_de_en_fr_it_pt": 0.785175061824808,
    "voter_lr_dt_kn_skipgram2_en_es_pt": 0.8506442795782897,
    "voter_lr_dt_skipgram2_de_en_es_fi_pt": 0.6427176884029676,
    "voter_lr_dt_skipgram2_de_en_es_fr_it_pt": 0.6369256800728882,
    "voter_lr_dt_skipgram2_de_en_es_nl_pt": 0.6666666666666666,
    "voter_lr_dt_skipgram2_de_en_es_pt": 0.7086424573734218,
    "voter_lr_dt_skipgram2_de_en_fr": 0.8286476636730444,
    "voter_lr_dt_skipgram2_de_en_fr_it_pt": 0.6808538331380971,
    "voter_lr_dt_skipgram2_de_en_fr_nl": 0.7866718729662893,
    "voter_lr_dt_skipgram2_de_en_fr_nl_pt": 0.6882077313549395,
    "voter_lr_dt_skipgram2_de_en_fr_pt": 0.7237407262787974,
    "voter_lr_dt_skipgram2_de_en_it": 0.8196017180788754,
    "voter_lr_dt_skipgram2_de_es_fr_it": 0.7830925419757907,
    "voter_lr_dt_skipgram2_de_es_fr_it_pt": 0.6941298971755825,
    "voter_lr_dt_skipgram2_de_es_it_pt": 0.7260835611089418,
    "voter_lr_dt_skipgram2_de_fi_it": 0.8133541585318235,
    "voter_lr_dt_skipgram2_de_fr_it": 0.8445919562670832,
    "voter_lr_dt_skipgram2_de_fr_it_pt": 0.7374072627879734,
    "voter_lr_dt_skipgram2_de_it": 0.8834439672003124,
    "voter_lr_dt_skipgram2_de_it_pt": 0.7771703761551477,
    "voter_lr_dt_skipgram2_en_es_fr_it": 0.776779903683457,
    "voter_lr_dt_skipgram2_en_es_fr_pt": 0.734413640505011,
    "voter_lr_dt_skipgram2_en_es_it": 0.8274111675126904,
    "voter_lr_dt_skipgram2_en_fr_it": 0.8367174280879864,
    "voter_lr_dt_skipgram2_en_fr_it_pt": 0.7374723415332552,
    "voter_lr_dt_skipgram2_en_it_nl": 0.8273460887674086,
    "voter_lr_dt_skipgram2_es_fi_nl": 0.8102303787582975,
    "voter_lr_dt_skipgram2_es_fr": 0.8965247950019524,
    "voter_lr_dt_skipgram2_es_fr_it_pt": 0.7500325393726409,
    "voter_lr_dt_skipgram2_es_it": 0.8873486919172199,
    "voter_lr_dt_skipgram2_es_nl": 0.8852010933229207,
    "voter_lr_dt_skipgram2_es_pt": 0.8353507744370688,
    "voter_lr_dt_skipgram2_fr_it": 0.9014057008980867,
    "voter_lr_kn_nb_skipgram2_de_en": 0.9179357021996616,
    "voter_lr_kn_nb_skipgram2_de_en_es": 0.878888455030587,
    "voter_lr_kn_nb_skipgram2_de_en_es_fr": 0.8453729012104647,
    "voter_lr_kn_nb_skipgram2_de_en_es_fr_it": 0.8181699856826761,
    "voter_lr_kn_nb_skipgram2_de_en_es_fr_it_pt": 0.7493166731745412,
    "voter_lr_kn_nb_skipgram2_de_en_es_fr_pt": 0.7838084081738904,
    "voter_lr_kn_nb_skipgram2_de_en_es_it": 0.8427046726539112,
    "voter_lr_kn_nb_skipgram2_de_en_es_it_pt": 0.7689053755043602,
    "voter_lr_kn_nb_skipgram2_de_en_es_pt": 0.8032669530131459,
    "voter_lr_kn_nb_skipgram2_de_en_fr": 0.890732786671873,
    "voter_lr_kn_nb_skipgram2_de_en_fr_it": 0.8563712091630873,
    "voter_lr_kn_nb_skipgram2_de_en_fr_it_pt": 0.7838084081738904,
    "voter_lr_kn_nb_skipgram2_de_en_fr_pt": 0.8182350644279578,
    "voter_lr_kn_nb_skipgram2_de_en_it": 0.8825328647663673,
    "voter_lr_kn_nb_skipgram2_de_en_it_pt": 0.8147858909280229,
    "voter_lr_kn_nb_skipgram2_de_en_pt": 0.845893531172719,
    "voter_lr_kn_nb_skipgram2_de_es": 0.9175452297279708,
    "voter_lr_kn_nb_skipgram2_de_es_fr": 0.8876740856436288,
    "voter_lr_kn_nb_skipgram2_de_es_fr_it": 0.854614083040479,
    "voter_lr_kn_nb_skipgram2_de_es_fr_it_pt": 0.789860731485097,
    "voter_lr_kn_nb_skipgram2_de_es_fr_pt": 0.8203175842769751,
    "voter_lr_kn_nb_skipgram2_de_es_it": 0.8883899518417285,
    "voter_lr_kn_nb_skipgram2_de_es_it_pt": 0.8201874267864115,
    "voter_lr_kn_nb_skipgram2_de_es_pt": 0.8399062866067942,
    "voter_lr_kn_nb_skipgram2_de_fr": 0.9278927502277756,
    "voter_lr_kn_nb_skipgram2_de_fr_it": 0.8951581413510348,
    "voter_lr_kn_nb_skipgram2_de_fr_it_pt": 0.8264349863334635,
    "voter_lr_kn_nb_skipgram2_de_fr_pt": 0.8589743589743589,
    "voter_lr_kn_nb_skipgram2_de_it": 0.9220356631524145,
    "voter_lr_kn_nb_skipgram2_de_it_pt": 0.8525966419367434,
    "voter_lr_kn_nb_skipgram2_de_pt": 0.8841598333984121,
    "voter_lr_kn_nb_skipgram2_en_es": 0.9179357021996616,
    "voter_lr_kn_nb_skipgram2_en_es_fr": 0.8850709358323572,
    "voter_lr_kn_nb_skipgram2_en_es_fr_it": 0.8536379018612521,
    "voter_lr_kn_nb_skipgram2_en_es_fr_it_pt": 0.7945464011453859,
    "voter_lr_kn_nb_skipgram2_en_es_fr_pt": 0.8167382532864766,
    "voter_lr_kn_nb_skipgram2_en_es_it": 0.8867629832096837,
    "voter_lr_kn_nb_skipgram2_en_es_it_pt": 0.8213588442014838,
    "voter_lr_kn_nb_skipgram2_en_es_pt": 0.8500585708707536,
    "voter_lr_kn_nb_skipgram2_en_fr": 0.9289990888975661,
    "voter_lr_kn_nb_skipgram2_en_fr_it": 0.8934010152284264,
    "voter_lr_kn_nb_skipgram2_en_fr_it_pt": 0.830925419757907,
    "voter_lr_kn_nb_skipgram2_en_fr_pt": 0.8564362879083691,
    "voter_lr_kn_nb_skipgram2_en_it": 0.9209944032279057,
    "voter_lr_kn_nb_skipgram2_en_it_pt": 0.8552648704932969,
    "voter_lr_kn_nb_skipgram2_en_pt": 0.882923337238058,
    "voter_lr_kn_nb_skipgram2_es_fr": 0.9288038526617207,
    "voter_lr_kn_nb_skipgram2_es_fr_it": 0.9012104646622413,
    "voter_lr_kn_nb_skipgram2_es_fr_it_pt": 0.8298841598333984,
    "voter_lr_kn_nb_skipgram2_es_fr_pt": 0.8633346349082389,
    "voter_lr_kn_nb_skipgram2_es_it": 0.9276324352466484,
    "voter_lr_kn_nb_skipgram2_es_it_pt": 0.8581283352856957,
    "voter_lr_kn_nb_skipgram2_es_pt": 0.8930105427567356,
    "voter_lr_kn_nb_skipgram2_fr_it": 0.9362879083691267,
    "voter_lr_kn_nb_skipgram2_fr_it_pt": 0.8678901470779643,
    "voter_lr_kn_nb_skipgram2_fr_pt": 0.9026421970584407,
    "voter_lr_kn_nb_skipgram2_it_pt": 0.9006247559547051,
    "voter_lr_kn_nb_tfidf_de_en_es_fr_pt": 0.7824417545229728,
    "voter_lr_kn_nb_tfidf_de_en_fr": 0.8833788884550305,
    "voter_lr_kn_nb_tfidf_de_en_fr_pt": 0.8184303006638032,
    "voter_lr_kn_nb_tfidf_de_es_fr": 0.89789144865287,
    "voter_lr_kn_nb_tfidf_de_fr": 0.9327736561239099,
    "voter_lr_kn_nb_tfidf_de_fr_pt": 0.8709488481062085,
    "voter_lr_kn_nb_tfidf_en_es_fr": 0.8851360145776389,
    "voter_lr_kn_nb_tfidf_en_es_fr_pt": 0.8186906156449304,
    "voter_lr_kn_nb_tfidf_en_fr_pt": 0.8576077053234413,
    "voter_lr_kn_nb_tfidf_es_fr": 0.9390862944162437,
    "voter_lr_kn_nb_tfidf_es_pt": 0.9017310946244956,
    "voter_lr_kn_nb_tfidf_fr_pt": 0.9086294416243654,
    "voter_svc_lr_dt_kn_nb_tfidf_fr_it": 0.9463100351425224,
    "voter_svc_lr_dt_kn_tfidf_en_es": 0.9125341663412729,
    "voter_svc_lr_dt_tfidf_de_en_es_fi_pt": 0.7786292039165602,
    "voter_svc_lr_dt_tfidf_de_en_fr_nl": 0.8393642684830425,
    "voter_svc_lr_dt_tfidf_de_es_fi_it_pt": 0.8037462750106428,
    "voter_svc_lr_dt_tfidf_de_es_fi_pt": 0.8346814247197389,
    "voter_svc_lr_dt_tfidf_de_es_fr_nl_pt": 0.8208457499645239,
    "voter_svc_lr_dt_tfidf_de_fi_it_nl_pt": 0.8028948488718604,
    "voter_svc_lr_dt_tfidf_de_fi_it_pt": 0.8402866468000567,
    "voter_svc_lr_dt_tfidf_en_es": 0.9047821768128281,
    "voter_svc_lr_dt_tfidf_en_es_fi_fr_it_pt": 0.7607492550021285,
    "voter_svc_lr_dt_tfidf_en_fi_nl_pt": 0.8222647935291614,
    "voter_svc_lr_dt_tfidf_en_fr_it_nl": 0.8531289910600255,
    "voter_svc_lr_dt_tfidf_en_fr_pt": 0.8761884489853838,
    "voter_svc_lr_dt_tfidf_en_it_pt": 0.870583226905066,
    "voter_svc_lr_dt_tfidf_es_fr_it": 0.9057045551298425,
    "voter_svc_lr_dt_tfidf_es_it": 0.933588761174968,
    "voter_svc_lr_dt_tfidf_fi_it": 0.9264225911735491
}