{
    "nb_tfidf_de_en": 0.9086945203696473,
    "nb_tfidf_de_en_es": 0.8682155408043732,
    "nb_tfidf_de_en_es_fi": 0.830014317323962,
    "nb_tfidf_de_en_es_fi_fr": 0.8040478979565274,
    "nb_tfidf_de_en_es_fi_fr_it": 0.773070415202395,
    "nb_tfidf_de_en_es_fi_fr_it_nl": 0.7447611610048158,
    "nb_tfidf_de_en_es_fi_fr_it_nl_pt": 0.6781856045815436,
    "nb_tfidf_de_en_es_fi_fr_it_pt": 0.7119614733827931,
    "nb_tfidf_de_en_es_fi_fr_nl": 0.773656123909931,
    "nb_tfidf_de_en_es_fi_fr_nl_pt": 0.7062345437979956,
    "nb_tfidf_de_en_es_fi_fr_pt": 0.7413119875048809,
    "nb_tfidf_de_en_es_fi_it": 0.8005336457113107,
    "nb_tfidf_de_en_es_fi_it_nl": 0.7691006117402056,
    "nb_tfidf_de_en_es_fi_it_nl_pt": 0.7062996225432774,
    "nb_tfidf_de_en_es_fi_it_pt": 0.7414421449954445,
    "nb_tfidf_de_en_es_fi_nl": 0.7977352596641937,
    "nb_tfidf_de_en_es_fi_nl_pt": 0.7327215931276845,
    "nb_tfidf_de_en_es_fi_pt": 0.7638943121176623,
    "nb_tfidf_de_en_es_fr": 0.8402316803332032,
    "nb_tfidf_de_en_es_fr_it": 0.819731875569439,
    "nb_tfidf_de_en_es_fr_it_nl": 0.7840687231550175,
    "nb_tfidf_de_en_es_fr_it_nl_pt": 0.7245867499674606,
    "nb_tfidf_de_en_es_fr_it_pt": 0.7575816738253286,
    "nb_tfidf_de_en_es_fr_nl": 0.8146557334374593,
    "nb_tfidf_de_en_es_fr_nl_pt": 0.7480150982689053,
    "nb_tfidf_de_en_es_fr_pt": 0.7819211245607185,
    "nb_tfidf_de_en_es_it": 0.8435506963425745,
    "nb_tfidf_de_en_es_it_nl": 0.8125081348431602,
    "nb_tfidf_de_en_es_it_nl_pt": 0.7554991539763113,
    "nb_tfidf_de_en_es_it_pt": 0.7787322660419107,
    "nb_tfidf_de_en_es_nl": 0.8385396329558766,
    "nb_tfidf_de_en_es_nl_pt": 0.7763243524664845,
    "nb_tfidf_de_en_es_pt": 0.8052843941168815,
    "nb_tfidf_de_en_fi": 0.8639854223610569,
    "nb_tfidf_de_en_fi_fr": 0.8388650266822856,
    "nb_tfidf_de_en_fi_fr_it": 0.8088637251073799,
    "nb_tfidf_de_en_fi_fr_it_nl": 0.7793830534947286,
    "nb_tfidf_de_en_fi_fr_it_nl_pt": 0.7210724977222439,
    "nb_tfidf_de_en_fi_fr_it_pt": 0.748145255759469,
    "nb_tfidf_de_en_fi_fr_nl": 0.8080177014187166,
    "nb_tfidf_de_en_fi_fr_nl_pt": 0.7424834049199531,
    "nb_tfidf_de_en_fi_fr_pt": 0.7767148249381752,
    "nb_tfidf_de_en_fi_it": 0.8350904594559417,
    "nb_tfidf_de_en_fi_it_nl": 0.809774827541325,
    "nb_tfidf_de_en_fi_it_nl_pt": 0.7400754913445269,
    "nb_tfidf_de_en_fi_it_pt": 0.7735259664193674,
    "nb_tfidf_de_en_fi_nl": 0.8378237667577769,
    "nb_tfidf_de_en_fi_nl_pt": 0.7679291943251334,
    "nb_tfidf_de_en_fi_pt": 0.8009241181830015,
    "nb_tfidf_de_en_fr": 0.8818820773135494,
    "nb_tfidf_de_en_fr_it": 0.8512950670311077,
    "nb_tfidf_de_en_fr_it_nl": 0.8171938045034491,
    "nb_tfidf_de_en_fr_it_nl_pt": 0.7579721462970194,
    "nb_tfidf_de_en_fr_it_pt": 0.7840036444097358,
    "nb_tfidf_de_en_fr_nl": 0.8538331380970975,
    "nb_tfidf_de_en_fr_nl_pt": 0.7833528569569179,
    "nb_tfidf_de_en_fr_pt": 0.8166731745411948,
    "nb_tfidf_de_en_it": 0.8821423922946766,
    "nb_tfidf_de_en_it_nl": 0.8426395939086294,
    "nb_tfidf_de_en_it_nl_pt": 0.7863464792398802,
    "nb_tfidf_de_en_it_pt": 0.8207731354939477,
    "nb_tfidf_de_en_nl": 0.8791487700117142,
    "nb_tfidf_de_en_nl_pt": 0.8109462449563972,
    "nb_tfidf_de_en_pt": 0.8432903813614474,
    "nb_tfidf_de_es": 0.9254197579070675,
    "nb_tfidf_de_es_fi": 0.8840296759078485,
    "nb_tfidf_de_es_fi_fr": 0.8544188468046336,
    "nb_tfidf_de_es_fi_fr_it": 0.8264349863334635,
    "nb_tfidf_de_es_fi_fr_it_nl": 0.7979955746453209,
    "nb_tfidf_de_es_fi_fr_it_nl_pt": 0.7385786802030457,
    "nb_tfidf_de_es_fi_fr_it_pt": 0.7601197448913185,
    "nb_tfidf_de_es_fi_fr_nl": 0.8251334114278277,
    "nb_tfidf_de_es_fi_fr_nl_pt": 0.7627228947025901,
    "nb_tfidf_de_es_fi_fr_pt": 0.7909670701548874,
    "nb_tfidf_de_es_fi_it": 0.8545490042951972,
    "nb_tfidf_de_es_fi_it_nl": 0.8238318365221918,
    "nb_tfidf_de_es_fi_it_nl_pt": 0.7607054535988547,
    "nb_tfidf_de_es_fi_it_pt": 0.7922686450605232,
    "nb_tfidf_de_es_fi_nl": 0.8535077443706885,
    "nb_tfidf_de_es_fi_nl_pt": 0.792659117532214,
    "nb_tfidf_de_es_fi_pt": 0.8179747494468307,
    "nb_tfidf_de_es_fr": 0.8987374723415332,
    "nb_tfidf_de_es_fr_it": 0.8691266432383183,
    "nb_tfidf_de_es_fr_it_nl": 0.8395808928803853,
    "nb_tfidf_de_es_fr_it_nl_pt": 0.7754783287778212,
    "nb_tfidf_de_es_fr_it_pt": 0.8052193153715996,
    "nb_tfidf_de_es_fr_nl": 0.868020304568528,
    "nb_tfidf_de_es_fr_nl_pt": 0.8008590394377196,
    "nb_tfidf_de_es_fr_pt": 0.8354158531823507,
    "nb_tfidf_de_es_it": 0.8967851099830795,
    "nb_tfidf_de_es_it_nl": 0.860861642587531,
    "nb_tfidf_de_es_it_nl_pt": 0.8020955355980737,
    "nb_tfidf_de_es_it_pt": 0.8296889235975531,
    "nb_tfidf_de_es_nl": 0.8925549915397631,
    "nb_tfidf_de_es_nl_pt": 0.8333333333333334,
    "nb_tfidf_de_es_pt": 0.8632044774176754,
    "nb_tfidf_de_fi": 0.91969282832227,
    "nb_tfidf_de_fi_fr": 0.8906026291813094,
    "nb_tfidf_de_fi_fr_it": 0.8638552648704932,
    "nb_tfidf_de_fi_fr_it_nl": 0.8352206169465053,
    "nb_tfidf_de_fi_fr_it_nl_pt": 0.7689053755043602,
    "nb_tfidf_de_fi_fr_it_pt": 0.7981257321358844,
    "nb_tfidf_de_fi_fr_nl": 0.8600156188988677,
    "nb_tfidf_de_fi_fr_nl_pt": 0.7961082910321489,
    "nb_tfidf_de_fi_fr_pt": 0.8323571521541064,
    "nb_tfidf_de_fi_it": 0.8898867629832097,
    "nb_tfidf_de_fi_it_nl": 0.8613171938045034,
    "nb_tfidf_de_fi_it_nl_pt": 0.7918781725888325,
    "nb_tfidf_de_fi_it_pt": 0.825003253937264,
    "nb_tfidf_de_fi_nl": 0.8846153846153846,
    "nb_tfidf_de_fi_nl_pt": 0.8248080177014188,
    "nb_tfidf_de_fi_pt": 0.8552648704932969,
    "nb_tfidf_de_fr": 0.9331641285956007,
    "nb_tfidf_de_fr_it": 0.9096056228035924,
    "nb_tfidf_de_fr_it_nl": 0.8709488481062085,
    "nb_tfidf_de_fr_it_nl_pt": 0.8050240791357542,
    "nb_tfidf_de_fr_it_pt": 0.8385396329558766,
    "nb_tfidf_de_fr_nl": 0.9028374332942861,
    "nb_tfidf_de_fr_nl_pt": 0.8384745542105948,
    "nb_tfidf_de_fr_pt": 0.8704282181439542,
    "nb_tfidf_de_it": 0.9323831836522192,
    "nb_tfidf_de_it_nl": 0.9004945984641416,
    "nb_tfidf_de_it_nl_pt": 0.834699986984251,
    "nb_tfidf_de_it_pt": 0.8657425484836653,
    "nb_tfidf_de_nl": 0.9310165300013016,
    "nb_tfidf_de_nl_pt": 0.8647012885591566,
    "nb_tfidf_de_pt": 0.8984120786151243,
    "nb_tfidf_en_es": 0.9131849537940908,
    "nb_tfidf_en_es_fi": 0.8717948717948718,
    "nb_tfidf_en_es_fi_fr": 0.8423142001822205,
    "nb_tfidf_en_es_fi_fr_it": 0.8149160484185864,
    "nb_tfidf_en_es_fi_fr_it_nl": 0.7838734869191722,
    "nb_tfidf_en_es_fi_fr_it_nl_pt": 0.7202264740335806,
    "nb_tfidf_en_es_fi_fr_it_pt": 0.7479500195236236,
    "nb_tfidf_en_es_fi_fr_nl": 0.815371599635559,
    "nb_tfidf_en_es_fi_fr_nl_pt": 0.7480150982689053,
    "nb_tfidf_en_es_fi_fr_pt": 0.7759989587400755,
    "nb_tfidf_en_es_fi_it": 0.8423792789275023,
    "nb_tfidf_en_es_fi_it_nl": 0.8064558115319537,
    "nb_tfidf_en_es_fi_it_nl_pt": 0.747494468306651,
    "nb_tfidf_en_es_fi_it_pt": 0.7717037615514772,
    "nb_tfidf_en_es_fi_nl": 0.8360666406351686,
    "nb_tfidf_en_es_fi_nl_pt": 0.7828973057399453,
    "nb_tfidf_en_es_fi_pt": 0.8043082129376545,
    "nb_tfidf_en_es_fr": 0.8878042431341924,
    "nb_tfidf_en_es_fr_it": 0.8575426265781596,
    "nb_tfidf_en_es_fr_it_nl": 0.8301444748145256,
    "nb_tfidf_en_es_fr_it_nl_pt": 0.7586880124951191,
    "nb_tfidf_en_es_fr_it_pt": 0.7871274241832618,
    "nb_tfidf_en_es_fr_nl": 0.8585838865026683,
    "nb_tfidf_en_es_fr_nl_pt": 0.7896654952492516,
    "nb_tfidf_en_es_fr_pt": 0.8254588051542366,
    "nb_tfidf_en_es_it": 0.8833138097097488,
    "nb_tfidf_en_es_it_nl": 0.8568918391253416,
    "nb_tfidf_en_es_it_nl_pt": 0.7841988806455812,
    "nb_tfidf_en_es_it_pt": 0.8192112456071847,
    "nb_tfidf_en_es_nl": 0.8843550696342575,
    "nb_tfidf_en_es_nl_pt": 0.8155017571261226,
    "nb_tfidf_en_es_pt": 0.8459586099180008,
    "nb_tfidf_en_fi": 0.9111024339450735,
    "nb_tfidf_en_fi_fr": 0.8808408173890407,