{
    "dtree_skipgram2_de_en": 0.8636483112104087,
    "dtree_skipgram2_de_en_es": 0.8083190958075963,
    "dtree_skipgram2_de_en_es_fi": 0.7422131686161125,
    "dtree_skipgram2_de_en_es_fi_fr_it": 0.6672361676961494,
    "dtree_skipgram2_de_en_es_fi_fr_it_nl": 0.6226836640820081,
    "dtree_skipgram2_de_en_es_fi_fr_it_nl_pt": 0.5375213562886056,
    "dtree_skipgram2_de_en_es_fi_fr_it_pt": 0.5763373682155408,
    "dtree_skipgram2_de_en_es_fi_it": 0.7004205546063872,
    "dtree_skipgram2_de_en_es_fi_it_nl_pt": 0.577342620580891,
    "dtree_skipgram2_de_en_es_fi_nl": 0.7019319227230911,
    "dtree_skipgram2_de_en_es_fi_nl_pt": 0.6108555657773689,
    "dtree_skipgram2_de_en_es_fr": 0.7669864633986069,
    "dtree_skipgram2_de_en_es_fr_it": 0.7282822972795374,
    "dtree_skipgram2_de_en_es_fr_it_pt": 0.6343803390721514,
    "dtree_skipgram2_de_en_es_fr_nl_pt": 0.6315547378104875,
    "dtree_skipgram2_de_en_es_it_nl_pt": 0.6285320015770798,
    "dtree_skipgram2_de_en_es_nl": 0.7561499414291293,
    "dtree_skipgram2_de_en_fi": 0.7909712182941254,
    "dtree_skipgram2_de_en_fi_fr_it_nl_pt": 0.5877907740833224,
    "dtree_skipgram2_de_en_fi_fr_it_pt": 0.6158496517282166,
    "dtree_skipgram2_de_en_fi_it_nl": 0.7087002234196347,
    "dtree_skipgram2_de_en_fi_it_pt": 0.6512682349848863,
    "dtree_skipgram2_de_en_fi_nl_pt": 0.6506768300696544,
    "dtree_skipgram2_de_en_fr": 0.8231042186883953,
    "dtree_skipgram2_de_en_fr_it_nl_pt": 0.641214351425943,
    "dtree_skipgram2_de_en_fr_pt": 0.7178998554343541,
    "dtree_skipgram2_de_en_it_nl": 0.7709291628334867,
    "dtree_skipgram2_de_en_it_nl_pt": 0.6770929162833487,
    "dtree_skipgram2_de_en_nl_pt": 0.7197058440713263,
    "dtree_skipgram2_de_en_pt": 0.7563411749244316,
    "dtree_skipgram2_de_es": 0.874556446313576,
    "dtree_skipgram2_de_es_fi_fr": 0.7607438559600473,
    "dtree_skipgram2_de_es_fi_fr_it_nl_pt": 0.5854251544223945,
    "dtree_skipgram2_de_es_fi_fr_nl": 0.7132343277697464,
    "dtree_skipgram2_de_es_fi_fr_pt": 0.6628334866605335,
    "dtree_skipgram2_de_es_fi_it_nl": 0.7106715731370745,
    "dtree_skipgram2_de_es_fi_it_nl_pt": 0.6182809830463925,
    "dtree_skipgram2_de_es_fi_pt": 0.7008148245498751,
    "dtree_skipgram2_de_es_fr": 0.8298068077276909,
    "dtree_skipgram2_de_es_fr_it_nl": 0.733276383230385,
    "dtree_skipgram2_de_es_fr_nl_pt": 0.6851097384676041,
    "dtree_skipgram2_de_es_fr_pt": 0.7297279537389934,
    "dtree_skipgram2_de_es_it_nl": 0.7753975555263504,
    "dtree_skipgram2_de_es_nl_pt": 0.7275594690498094,
    "dtree_skipgram2_de_es_pt": 0.7669207517413589,
    "dtree_skipgram2_de_fi_fr": 0.8235642002891312,
    "dtree_skipgram2_de_fi_fr_it_pt": 0.6799842292022604,
    "dtree_skipgram2_de_fi_it": 0.8066105927191484,
    "dtree_skipgram2_de_fi_it_nl": 0.7597581811013274,
    "dtree_skipgram2_de_fi_it_nl_pt": 0.6679682415723025,
    "dtree_skipgram2_de_fi_it_pt": 0.7076488369036668,
    "dtree_skipgram2_de_fr": 0.8922985937705349,
    "dtree_skipgram2_de_fr_it": 0.8386778814561703,
    "dtree_skipgram2_de_fr_it_nl_pt": 0.6950979103692995,
    "dtree_skipgram2_de_fr_nl": 0.8403206728873702,
    "dtree_skipgram2_de_fr_nl_pt": 0.7361019844920489,
    "dtree_skipgram2_de_it": 0.8763963727165199,
    "dtree_skipgram2_de_it_nl": 0.828689709554475,
    "dtree_skipgram2_de_it_nl_pt": 0.7251724586749968,
    "dtree_skipgram2_de_pt": 0.8183652219185215,
    "dtree_skipgram2_en_es": 0.8718622683664082,
    "dtree_skipgram2_en_es_fi": 0.7943225128137732,
    "dtree_skipgram2_en_es_fi_fr": 0.7561440399526876,
    "dtree_skipgram2_en_es_fi_fr_it": 0.7105401498225785,
    "dtree_skipgram2_en_es_fi_fr_nl": 0.7121172295965305,
    "dtree_skipgram2_en_es_fi_fr_nl_pt": 0.6185438296753845,
    "dtree_skipgram2_en_es_fi_it": 0.7519384938888158,
    "dtree_skipgram2_en_es_fi_it_nl_pt": 0.6199237744775923,
    "dtree_skipgram2_en_es_fi_it_pt": 0.6602707320278618,
    "dtree_skipgram2_en_es_fi_nl_pt": 0.6524510448153502,
    "dtree_skipgram2_en_es_fi_pt": 0.6997634380339072,
    "dtree_skipgram2_en_es_fr": 0.8309239059009068,
    "dtree_skipgram2_en_es_fr_it_nl": 0.7397818372979367,
    "dtree_skipgram2_en_es_fr_nl_pt": 0.6837955053226442,
    "dtree_skipgram2_en_es_it": 0.8216585622289394,
    "dtree_skipgram2_en_es_it_nl_pt": 0.6779252896004165,
    "dtree_skipgram2_en_es_nl": 0.8172558811933237,
    "dtree_skipgram2_en_fi_fr": 0.8139702983309239,
    "dtree_skipgram2_en_fi_fr_it": 0.7629780523064792,
    "dtree_skipgram2_en_fi_fr_it_nl_pt": 0.6282034432908398,
    "dtree_skipgram2_en_fi_fr_pt": 0.7112629780523064,
    "dtree_skipgram2_en_fi_it": 0.8033250098567486,
    "dtree_skipgram2_en_fi_it_nl": 0.7515442239453279,
    "dtree_skipgram2_en_fi_it_nl_pt": 0.6609935602575897,
    "dtree_skipgram2_en_fi_it_pt": 0.7046261006702589,
    "dtree_skipgram2_en_fi_nl_pt": 0.7011584016660158,
    "dtree_skipgram2_en_fr": 0.8850045998160073,
    "dtree_skipgram2_en_fr_it": 0.8308603410126253,
    "dtree_skipgram2_en_fr_it_nl": 0.7884084636614536,
    "dtree_skipgram2_en_fr_it_nl_pt": 0.6891838612169799,
    "dtree_skipgram2_en_fr_it_pt": 0.7366276777500329,
    "dtree_skipgram2_en_fr_nl_pt": 0.7380076225522407,
    "dtree_skipgram2_en_fr_pt": 0.7824944145091339,
    "dtree_skipgram2_en_it": 0.8738336180838481,
    "dtree_skipgram2_en_it_nl_pt": 0.7208568800105138,
    "dtree_skipgram2_en_it_pt": 0.7721119726639506,
    "dtree_skipgram2_en_nl": 0.8775791825469839,
    "dtree_skipgram2_es_fi": 0.8614141148639769,
    "dtree_skipgram2_es_fi_fr": 0.8242223089938826,
    "dtree_skipgram2_es_fi_fr_it": 0.7749375739256144,
    "dtree_skipgram2_es_fi_fr_it_nl": 0.7299250887107372,
    "dtree_skipgram2_es_fi_fr_it_pt": 0.6834669470364042,
    "dtree_skipgram2_es_fi_fr_nl": 0.7681035615718228,
    "dtree_skipgram2_es_fi_fr_nl_pt": 0.6770272046261007,
    "dtree_skipgram2_es_fi_it": 0.8165330529635958,
    "dtree_skipgram2_es_fi_it_nl": 0.7703377579182547,
    "dtree_skipgram2_es_fi_it_nl_pt": 0.6754501248521487,
    "dtree_skipgram2_es_fi_pt": 0.7686949664870548,
    "dtree_skipgram2_es_fr": 0.8940070968589828,
    "dtree_skipgram2_es_fr_it_nl_pt": 0.6987120515179392,
    "dtree_skipgram2_es_fr_nl": 0.8395321330003943,
    "dtree_skipgram2_es_it_nl": 0.8325666973321068,
    "dtree_skipgram2_es_it_pt": 0.7866999605730056,
    "dtree_skipgram2_es_pt": 0.827309764752267,
    "dtree_skipgram2_fi_fr_it": 0.828623997897227,
    "dtree_skipgram2_fi_fr_it_nl": 0.7781574451307662,
    "dtree_skipgram2_fi_fr_it_nl_pt": 0.6824155605204363,
    "dtree_skipgram2_fi_fr_it_pt": 0.7290708371665133,
    "dtree_skipgram2_fi_fr_nl": 0.8265212248652911,
    "dtree_skipgram2_fi_fr_nl_pt": 0.7259166776186096,
    "dtree_skipgram2_fi_fr_pt": 0.7754632671835984,
    "dtree_skipgram2_fi_it": 0.8723222499671441,
    "dtree_skipgram2_fi_it_nl": 0.8165330529635958,
    "dtree_skipgram2_fi_it_pt": 0.7702069504099961,
    "dtree_skipgram2_fi_nl_pt": 0.7633066105927192,
    "dtree_skipgram2_fi_pt": 0.8163477808147859,
    "dtree_skipgram2_fr_it_nl": 0.8499802865028256,
    "dtree_skipgram2_fr_it_nl_pt": 0.7458930214220003,
    "dtree_skipgram2_fr_it_pt": 0.7915626232093573,
    "dtree_skipgram2_fr_pt": 0.8395321330003943,
    "dtree_tfidf_de_en": 0.9043895387041662,
    "dtree_tfidf_de_en_es": 0.8681167039032724,
    "dtree_tfidf_de_en_es_fi": 0.8261926665790511,
    "dtree_tfidf_de_en_es_fi_fr": 0.8039821264292285,
    "dtree_tfidf_de_en_es_fi_fr_it": 0.7740833223813904,
    "dtree_tfidf_de_en_es_fi_fr_it_nl": 0.7470101195952162,
    "dtree_tfidf_de_en_es_fi_fr_it_nl_pt": 0.6766986463398607,
    "dtree_tfidf_de_en_es_fi_fr_it_pt": 0.7043632540412669,
    "dtree_tfidf_de_en_es_fi_fr_nl": 0.7718491260349586,
    "dtree_tfidf_de_en_es_fi_fr_nl_pt": 0.7060717571297148,
    "dtree_tfidf_de_en_es_fi_fr_pt": 0.735050597976081,
    "dtree_tfidf_de_en_es_fi_it": 0.7998422920226048,
    "dtree_tfidf_de_en_es_fi_it_nl": 0.7692206597450387,
    "dtree_tfidf_de_en_es_fi_it_nl_pt": 0.704100407412275,