{
    "lr_tfidf_de_en": 0.9104516464922556,
    "lr_tfidf_de_en_es": 0.8742678641155799,
    "lr_tfidf_de_en_es_fi": 0.8294936873617077,
    "lr_tfidf_de_en_es_fi_fr": 0.8029415592867369,
    "lr_tfidf_de_en_es_fi_fr_it": 0.7698815566835872,
    "lr_tfidf_de_en_es_fi_fr_it_nl": 0.742548483665235,
    "lr_tfidf_de_en_es_fi_fr_it_nl_pt": 0.6784459195626709,
    "lr_tfidf_de_en_es_fi_fr_it_pt": 0.7091630873356761,
    "lr_tfidf_de_en_es_fi_fr_nl": 0.773330730183522,
    "lr_tfidf_de_en_es_fi_fr_nl_pt": 0.7070805674866588,
    "lr_tfidf_de_en_es_fi_fr_pt": 0.7395548613822726,
    "lr_tfidf_de_en_es_fi_it": 0.8016399843811012,
    "lr_tfidf_de_en_es_fi_it_nl": 0.7674736431081609,
    "lr_tfidf_de_en_es_fi_it_nl_pt": 0.7015488741377066,
    "lr_tfidf_de_en_es_fi_it_pt": 0.7297279708447221,
    "lr_tfidf_de_en_es_fi_nl": 0.8028764805414551,
    "lr_tfidf_de_en_es_fi_nl_pt": 0.7355199791748015,
    "lr_tfidf_de_en_es_fi_pt": 0.7653260445138618,
    "lr_tfidf_de_en_es_fr": 0.8444617987765196,
    "lr_tfidf_de_en_es_fr_it": 0.8136144735129507,
    "lr_tfidf_de_en_es_fr_it_nl": 0.7847195106078355,
    "lr_tfidf_de_en_es_fr_it_nl_pt": 0.7221788363920344,
    "lr_tfidf_de_en_es_fr_it_pt": 0.7529610829103215,
    "lr_tfidf_de_en_es_fr_nl": 0.8128335285695691,
    "lr_tfidf_de_en_es_fr_nl_pt": 0.7558896264480021,
    "lr_tfidf_de_en_es_fr_pt": 0.7797735259664194,
    "lr_tfidf_de_en_es_it": 0.8421840426916569,
    "lr_tfidf_de_en_es_it_nl": 0.8075621502017442,
    "lr_tfidf_de_en_es_it_nl_pt": 0.7487960432122869,
    "lr_tfidf_de_en_es_it_pt": 0.7808798646362098,
    "lr_tfidf_de_en_es_nl": 0.8414030977482754,
    "lr_tfidf_de_en_es_nl_pt": 0.775868801249512,
    "lr_tfidf_de_en_es_pt": 0.8067812052583626,
    "lr_tfidf_de_en_fi": 0.8624886112195757,
    "lr_tfidf_de_en_fi_fr": 0.8389951841728491,
    "lr_tfidf_de_en_fi_fr_it": 0.8108811662111155,
    "lr_tfidf_de_en_fi_fr_it_nl": 0.7810751008720552,
    "lr_tfidf_de_en_fi_fr_it_nl_pt": 0.7203566315241442,
    "lr_tfidf_de_en_fi_fr_it_pt": 0.7396850188728361,
    "lr_tfidf_de_en_fi_fr_nl": 0.8087986463620981,
    "lr_tfidf_de_en_fi_fr_nl_pt": 0.7464532083821424,
    "lr_tfidf_de_en_fi_fr_pt": 0.7799036834569829,
    "lr_tfidf_de_en_fi_it": 0.8404919953143304,
    "lr_tfidf_de_en_fi_it_nl": 0.8112065599375244,
    "lr_tfidf_de_en_fi_it_nl_pt": 0.7440452948067161,
    "lr_tfidf_de_en_fi_it_pt": 0.7719640765326045,
    "lr_tfidf_de_en_fi_nl": 0.8332682545880515,
    "lr_tfidf_de_en_fi_nl_pt": 0.773330730183522,
    "lr_tfidf_de_en_fi_pt": 0.8037875829754002,
    "lr_tfidf_de_en_fr": 0.8853963295587661,
    "lr_tfidf_de_en_fr_it": 0.8534426656254067,
    "lr_tfidf_de_en_fr_it_nl": 0.8233112065599375,
    "lr_tfidf_de_en_fr_it_nl_pt": 0.7603800598724456,
    "lr_tfidf_de_en_fr_it_pt": 0.7903813614473513,
    "lr_tfidf_de_en_fr_nl": 0.8544188468046336,
    "lr_tfidf_de_en_fr_nl_pt": 0.7894702590134062,
    "lr_tfidf_de_en_fr_pt": 0.8194064818430301,
    "lr_tfidf_de_en_it": 0.8806455811531954,
    "lr_tfidf_de_en_it_nl": 0.8492776259273721,
    "lr_tfidf_de_en_it_nl_pt": 0.7909670701548874,
    "lr_tfidf_de_en_it_pt": 0.8118573473903423,
    "lr_tfidf_de_en_nl": 0.8695171157100091,
    "lr_tfidf_de_en_nl_pt": 0.815696993361968,
    "lr_tfidf_de_en_pt": 0.8457633736821554,
    "lr_tfidf_de_es": 0.9213197969543148,
    "lr_tfidf_de_es_fi": 0.8784979825588962,
    "lr_tfidf_de_es_fi_fr": 0.8554601067291423,
    "lr_tfidf_de_es_fi_fr_it": 0.8316412859560067,
    "lr_tfidf_de_es_fi_fr_it_nl": 0.7987114408434205,
    "lr_tfidf_de_es_fi_fr_it_nl_pt": 0.7336326955616296,
    "lr_tfidf_de_es_fi_fr_it_pt": 0.760575296108291,
    "lr_tfidf_de_es_fi_fr_nl": 0.8270857737862815,
    "lr_tfidf_de_es_fi_fr_nl_pt": 0.7583626187687101,
    "lr_tfidf_de_es_fi_fr_pt": 0.7882337628530522,
    "lr_tfidf_de_es_fi_it": 0.8522061694650527,
    "lr_tfidf_de_es_fi_it_nl": 0.8257841988806456,
    "lr_tfidf_de_es_fi_it_nl_pt": 0.7589483274762463,
    "lr_tfidf_de_es_fi_it_pt": 0.7905765976831967,
    "lr_tfidf_de_es_fi_nl": 0.8482363660028635,
    "lr_tfidf_de_es_fi_nl_pt": 0.7881686841077704,
    "lr_tfidf_de_es_fi_pt": 0.8154366783808408,
    "lr_tfidf_de_es_fr": 0.9021215670961864,
    "lr_tfidf_de_es_fr_it": 0.8715345568137446,
    "lr_tfidf_de_es_fr_it_nl": 0.8371079005596772,
    "lr_tfidf_de_es_fr_it_nl_pt": 0.7776259273721202,
    "lr_tfidf_de_es_fr_it_pt": 0.8067161265130808,
    "lr_tfidf_de_es_fr_nl": 0.8665885721723285,
    "lr_tfidf_de_es_fr_nl_pt": 0.8073669139658988,
    "lr_tfidf_de_es_fr_pt": 0.835936483144605,
    "lr_tfidf_de_es_it": 0.8954184563321619,
    "lr_tfidf_de_es_it_nl": 0.868020304568528,
    "lr_tfidf_de_es_it_nl_pt": 0.8007939606924378,
    "lr_tfidf_de_es_it_pt": 0.830014317323962,
    "lr_tfidf_de_es_nl": 0.8924899127944813,
    "lr_tfidf_de_es_nl_pt": 0.8248080177014188,
    "lr_tfidf_de_es_pt": 0.8610568788233763,
    "lr_tfidf_de_fi": 0.9161134973317715,
    "lr_tfidf_de_fi_fr": 0.8897566054926461,
    "lr_tfidf_de_fi_fr_it": 0.8641155798516205,
    "lr_tfidf_de_fi_fr_it_nl": 0.8350904594559417,
    "lr_tfidf_de_fi_fr_it_nl_pt": 0.7749576988155669,
    "lr_tfidf_de_fi_fr_it_pt": 0.7983860471170116,
    "lr_tfidf_de_fi_fr_nl": 0.8641155798516205,
    "lr_tfidf_de_fi_fr_nl_pt": 0.7977352596641937,
    "lr_tfidf_de_fi_fr_pt": 0.8251984901731094,
    "lr_tfidf_de_fi_it": 0.8924899127944813,
    "lr_tfidf_de_fi_it_nl": 0.8594299101913315,
    "lr_tfidf_de_fi_it_nl_pt": 0.7959781335415853,
    "lr_tfidf_de_fi_it_pt": 0.824417545229728,
    "lr_tfidf_de_fi_nl": 0.8879994793700378,
    "lr_tfidf_de_fi_nl_pt": 0.8206429780033841,
    "lr_tfidf_de_fi_pt": 0.8525315631914616,
    "lr_tfidf_de_fr": 0.9364831446049721,
    "lr_tfidf_de_fr_it": 0.9048548743980216,
    "lr_tfidf_de_fr_it_nl": 0.8794741637381231,
    "lr_tfidf_de_fr_it_nl_pt": 0.8123779773525966,
    "lr_tfidf_de_fr_it_pt": 0.8453078224651829,
    "lr_tfidf_de_fr_nl": 0.9053755043602759,
    "lr_tfidf_de_fr_nl_pt": 0.840296759078485,
    "lr_tfidf_de_fr_pt": 0.8707536118703632,
    "lr_tfidf_de_it": 0.9314070024729924,
    "lr_tfidf_de_it_nl": 0.9051151893791488,
    "lr_tfidf_de_it_nl_pt": 0.8406872315501757,
    "lr_tfidf_de_it_pt": 0.8679552258232461,
    "lr_tfidf_de_nl": 0.9284784589353118,
    "lr_tfidf_de_nl_pt": 0.8650266822855656,
    "lr_tfidf_de_pt": 0.8978263699075881,
    "lr_tfidf_en_es": 0.9095405440583105,
    "lr_tfidf_en_es_fi": 0.8650266822855656,
    "lr_tfidf_en_es_fi_fr": 0.8460887674085643,
    "lr_tfidf_en_es_fi_fr_it": 0.8205778992581023,
    "lr_tfidf_en_es_fi_fr_it_nl": 0.7812703371079006,
    "lr_tfidf_en_es_fi_fr_it_nl_pt": 0.7210724977222439,
    "lr_tfidf_en_es_fi_fr_it_pt": 0.7539372640895483,
    "lr_tfidf_en_es_fi_fr_nl": 0.8194715605883118,
    "lr_tfidf_en_es_fi_fr_nl_pt": 0.7494468306651048,
    "lr_tfidf_en_es_fi_fr_pt": 0.775868801249512,
    "lr_tfidf_en_es_fi_it": 0.8403618378237667,
    "lr_tfidf_en_es_fi_it_nl": 0.808212937654562,
    "lr_tfidf_en_es_fi_it_nl_pt": 0.7448262397500977,
    "lr_tfidf_en_es_fi_it_pt": 0.776454509957048,
    "lr_tfidf_en_es_fi_nl": 0.8380190029936223,
    "lr_tfidf_en_es_fi_nl_pt": 0.7742418326174672,
    "lr_tfidf_en_es_fi_pt": 0.8103605362488612,
    "lr_tfidf_en_es_fr": 0.8874137706625016,
    "lr_tfidf_en_es_fr_it": 0.8576727840687232,
    "lr_tfidf_en_es_fr_it_nl": 0.8285175061824808,
    "lr_tfidf_en_es_fr_it_nl_pt": 0.7647403358063256,
    "lr_tfidf_en_es_fr_it_pt": 0.7939606924378498,
    "lr_tfidf_en_es_fr_nl": 0.8546791617857608,
    "lr_tfidf_en_es_fr_nl_pt": 0.7937654562020044,
    "lr_tfidf_en_es_fr_pt": 0.8192112456071847,
    "lr_tfidf_en_es_it": 0.8861121957568658,
    "lr_tfidf_en_es_it_nl": 0.8509045945594169,
    "lr_tfidf_en_es_it_nl_pt": 0.7918130938435507,
    "lr_tfidf_en_es_it_pt": 0.8170636470128856,
    "lr_tfidf_en_es_nl": 0.8823376285305219,
    "lr_tfidf_en_es_nl_pt": 0.8179747494468307,
    "lr_tfidf_en_es_pt": 0.8460887674085643,
    "lr_tfidf_en_fi": 0.9062215280489392,
    "lr_tfidf_en_fi_fr": 0.8768710139268515,