{
    "kn_tfidf_de_en": 0.8840296759078485,
    "kn_tfidf_de_en_es": 0.870818690615645,
    "kn_tfidf_de_en_es_fi": 0.8104256149941429,
    "kn_tfidf_de_en_es_fi_fr": 0.778016399843811,
    "kn_tfidf_de_en_es_fi_fr_it": 0.7689053755043602,
    "kn_tfidf_de_en_es_fi_fr_it_nl": 0.736626317844592,
    "kn_tfidf_de_en_es_fi_fr_it_nl_pt": 0.6589873747234153,
    "kn_tfidf_de_en_es_fi_fr_it_pt": 0.7001171417415072,
    "kn_tfidf_de_en_es_fi_fr_nl": 0.7617467135233633,
    "kn_tfidf_de_en_es_fi_fr_nl_pt": 0.6748015098268906,
    "kn_tfidf_de_en_es_fi_fr_pt": 0.7147598594299102,
    "kn_tfidf_de_en_es_fi_it": 0.7805544709098009,
    "kn_tfidf_de_en_es_fi_it_nl": 0.5021475985942991,
    "kn_tfidf_de_en_es_fi_it_nl_pt": 0.6949759208642458,
    "kn_tfidf_de_en_es_fi_it_pt": 0.7159312768449825,
    "kn_tfidf_de_en_es_fi_nl": 0.7786671872966289,
    "kn_tfidf_de_en_es_fi_nl_pt": 0.7137185995054015,
    "kn_tfidf_de_en_es_fi_pt": 0.736300924118183,
    "kn_tfidf_de_en_es_fr": 0.8454379799557464,
    "kn_tfidf_de_en_es_fr_it": 0.8001431732396199,
    "kn_tfidf_de_en_es_fr_it_nl": 0.7691006117402056,
    "kn_tfidf_de_en_es_fr_it_nl_pt": 0.7192502928543538,
    "kn_tfidf_de_en_es_fr_it_pt": 0.7348691917219836,
    "kn_tfidf_de_en_es_fr_nl": 0.8194064818430301,
    "kn_tfidf_de_en_es_fr_nl_pt": 0.7214629701939347,
    "kn_tfidf_de_en_es_fr_pt": 0.7817258883248731,
    "kn_tfidf_de_en_es_it": 0.8417284914746843,
    "kn_tfidf_de_en_es_it_nl": 0.8089938825979435,
    "kn_tfidf_de_en_es_it_nl_pt": 0.42216582064297803,
    "kn_tfidf_de_en_es_it_pt": 0.7731354939476767,
    "kn_tfidf_de_en_es_nl": 0.8285175061824808,
    "kn_tfidf_de_en_es_nl_pt": 0.5062475595470519,
    "kn_tfidf_de_en_es_pt": 0.8041129767018091,
    "kn_tfidf_de_en_fi": 0.8665885721723285,
    "kn_tfidf_de_en_fi_fr": 0.8382793179747494,
    "kn_tfidf_de_en_fi_fr_it": 0.8091240400885071,
    "kn_tfidf_de_en_fi_fr_it_nl": 0.771508525315632,
    "kn_tfidf_de_en_fi_fr_it_nl_pt": 0.6956917870623455,
    "kn_tfidf_de_en_fi_fr_it_pt": 0.7230899388259794,
    "kn_tfidf_de_en_fi_fr_nl": 0.7946765586359495,
    "kn_tfidf_de_en_fi_fr_nl_pt": 0.7373421840426917,
    "kn_tfidf_de_en_fi_fr_pt": 0.7681244305609788,
    "kn_tfidf_de_en_fi_it": 0.8371079005596772,
    "kn_tfidf_de_en_fi_it_nl": 0.7925289600416504,
    "kn_tfidf_de_en_fi_it_nl_pt": 0.7317454119484577,
    "kn_tfidf_de_en_fi_it_pt": 0.7726799427307042,
    "kn_tfidf_de_en_fi_nl": 0.8030717167773005,
    "kn_tfidf_de_en_fi_nl_pt": 0.744370688533125,
    "kn_tfidf_de_en_fi_pt": 0.7774957698815567,
    "kn_tfidf_de_en_fr": 0.8808408173890407,
    "kn_tfidf_de_en_fr_it": 0.8399713653520761,
    "kn_tfidf_de_en_fr_it_nl": 0.7825719120135364,
    "kn_tfidf_de_en_fr_it_nl_pt": 0.7140439932318104,
    "kn_tfidf_de_en_fr_it_pt": 0.7763894312117663,
    "kn_tfidf_de_en_fr_nl": 0.8339841207861513,
    "kn_tfidf_de_en_fr_nl_pt": 0.7841988806455812,
    "kn_tfidf_de_en_fr_pt": 0.7844591956267083,
    "kn_tfidf_de_en_it": 0.8756345177664975,
    "kn_tfidf_de_en_it_nl": 0.8507744370688534,
    "kn_tfidf_de_en_it_nl_pt": 0.7413770662501626,
    "kn_tfidf_de_en_it_pt": 0.7148900169204738,
    "kn_tfidf_de_en_nl": 0.8737472341533256,
    "kn_tfidf_de_en_nl_pt": 0.8087986463620981,
    "kn_tfidf_de_en_pt": 0.8393856566445399,
    "kn_tfidf_de_es": 0.9230118443316413,
    "kn_tfidf_de_es_fi": 0.8826630222569309,
    "kn_tfidf_de_es_fi_fr": 0.8507093583235715,
    "kn_tfidf_de_es_fi_fr_it": 0.8328777821163608,
    "kn_tfidf_de_es_fi_fr_it_nl": 0.7418976962124171,
    "kn_tfidf_de_es_fi_fr_it_nl_pt": 0.6526747364310816,
    "kn_tfidf_de_es_fi_fr_it_pt": 0.7563451776649747,
    "kn_tfidf_de_es_fi_fr_nl": 0.8240270727580372,
    "kn_tfidf_de_es_fi_fr_nl_pt": 0.7224391513731615,
    "kn_tfidf_de_es_fi_fr_pt": 0.7877782116360796,
    "kn_tfidf_de_es_fi_it": 0.8520109332292073,
    "kn_tfidf_de_es_fi_it_nl": 0.812898607314851,
    "kn_tfidf_de_es_fi_it_nl_pt": 0.6904204086945204,
    "kn_tfidf_de_es_fi_it_pt": 0.7794481322400104,
    "kn_tfidf_de_es_fi_nl": 0.8547442405310426,
    "kn_tfidf_de_es_fi_nl_pt": 0.7827671482493818,
    "kn_tfidf_de_es_fi_pt": 0.8025510868150462,
    "kn_tfidf_de_es_fr": 0.896329558766107,
    "kn_tfidf_de_es_fr_it": 0.8674996746062736,
    "kn_tfidf_de_es_fr_it_nl": 0.7541325003253937,
    "kn_tfidf_de_es_fr_it_nl_pt": 0.7644800208251985,
    "kn_tfidf_de_es_fr_it_pt": 0.7784068723155018,
    "kn_tfidf_de_es_fr_nl": 0.848366523493427,
    "kn_tfidf_de_es_fr_nl_pt": 0.796693999739685,
    "kn_tfidf_de_es_fr_pt": 0.8262397500976181,
    "kn_tfidf_de_es_it": 0.8962644800208251,
    "kn_tfidf_de_es_it_nl": 0.8611219575686581,
    "kn_tfidf_de_es_it_nl_pt": 0.7882337628530522,
    "kn_tfidf_de_es_it_pt": 0.830014317323962,
    "kn_tfidf_de_es_nl": 0.8906026291813094,
    "kn_tfidf_de_es_nl_pt": 0.8191461668619029,
    "kn_tfidf_de_es_pt": 0.8607965638422491,
    "kn_tfidf_de_fi": 0.6049069373942471,
    "kn_tfidf_de_fi_fr": 0.8933359364831446,
    "kn_tfidf_de_fi_fr_it": 0.8268905375504361,
    "kn_tfidf_de_fi_fr_it_nl": 0.827215931276845,
    "kn_tfidf_de_fi_fr_it_nl_pt": 0.7506833268254588,
    "kn_tfidf_de_fi_fr_it_pt": 0.7909670701548874,
    "kn_tfidf_de_fi_fr_nl": 0.8613822725497853,
    "kn_tfidf_de_fi_fr_nl_pt": 0.7959130547963035,
    "kn_tfidf_de_fi_fr_pt": 0.8270857737862815,
    "kn_tfidf_de_fi_it": 0.8866979044644019,
    "kn_tfidf_de_fi_it_nl": 0.8542236105687883,
    "kn_tfidf_de_fi_it_nl_pt": 0.7899908889756605,
    "kn_tfidf_de_fi_it_pt": 0.8241572302486008,
    "kn_tfidf_de_fi_nl": 0.887283613171938,
    "kn_tfidf_de_fi_nl_pt": 0.737862814004946,
    "kn_tfidf_de_fi_pt": 0.8545490042951972,
    "kn_tfidf_de_fr": 0.9313419237277105,
    "kn_tfidf_de_fr_it": 0.9031628270206951,
    "kn_tfidf_de_fr_it_nl": 0.8687361707666276,
    "kn_tfidf_de_fr_it_nl_pt": 0.8056097878432904,
    "kn_tfidf_de_fr_it_pt": 0.8360015618898867,
    "kn_tfidf_de_fr_nl": 0.8962644800208251,
    "kn_tfidf_de_fr_nl_pt": 0.8393205778992581,
    "kn_tfidf_de_fr_pt": 0.8675647533515554,
    "kn_tfidf_de_it": 0.9310816087465834,
    "kn_tfidf_de_it_nl": 0.8965247950019524,
    "kn_tfidf_de_it_nl_pt": 0.8209032929845113,
    "kn_tfidf_de_it_pt": 0.8589743589743589,
    "kn_tfidf_de_nl": 0.9308212937654562,
    "kn_tfidf_de_nl_pt": 0.8559156579461148,
    "kn_tfidf_de_pt": 0.8898867629832097,
    "kn_tfidf_en_es": 0.9130547963035273,
    "kn_tfidf_en_es_fi": 0.8721853442665626,
    "kn_tfidf_en_es_fi_fr": 0.8419237277105297,
    "kn_tfidf_en_es_fi_fr_it": 0.8063907327866718,
    "kn_tfidf_en_es_fi_fr_it_nl": 0.7794481322400104,
    "kn_tfidf_en_es_fi_fr_it_nl_pt": 0.6885331250813485,
    "kn_tfidf_en_es_fi_fr_it_pt": 0.7388389951841728,
    "kn_tfidf_en_es_fi_fr_nl": 0.8112716386828062,
    "kn_tfidf_en_es_fi_fr_nl_pt": 0.7426786411557985,
    "kn_tfidf_en_es_fi_fr_pt": 0.7055837563451777,
    "kn_tfidf_en_es_fi_it": 0.8319666796824158,
    "kn_tfidf_en_es_fi_it_nl": 0.7970844722113758,
    "kn_tfidf_en_es_fi_it_nl_pt": 0.7389040739294547,
    "kn_tfidf_en_es_fi_it_pt": 0.7721593127684498,
    "kn_tfidf_en_es_fi_nl": 0.8402316803332032,
    "kn_tfidf_en_es_fi_nl_pt": 0.7642197058440713,
    "kn_tfidf_en_es_fi_pt": 0.7896004165039698,
    "kn_tfidf_en_es_fr": 0.8894312117662372,
    "kn_tfidf_en_es_fr_it": 0.8360666406351686,
    "kn_tfidf_en_es_fr_it_nl": 0.8043082129376545,
    "kn_tfidf_en_es_fr_it_nl_pt": 0.6792268645060523,
    "kn_tfidf_en_es_fr_it_pt": 0.7781465573343745,
    "kn_tfidf_en_es_fr_nl": 0.8548093192763243,
    "kn_tfidf_en_es_fr_nl_pt": 0.7690355329949239,
    "kn_tfidf_en_es_fr_pt": 0.8207080567486659,
    "kn_tfidf_en_es_it": 0.8840296759078485,
    "kn_tfidf_en_es_it_nl": 0.8566966028894963,
    "kn_tfidf_en_es_it_nl_pt": 0.7799036834569829,
    "kn_tfidf_en_es_it_pt": 0.7167773005336457,
    "kn_tfidf_en_es_nl": 0.8612521150592216,
    "kn_tfidf_en_es_nl_pt": 0.805414551607445,
    "kn_tfidf_en_es_pt": 0.8388650266822856,
    "kn_tfidf_en_fi": 0.907848496680984,
    "kn_tfidf_en_fi_fr": 0.8777170376155148,